{
  "hash": "a4ed130e",
  "configHash": "66211da4",
  "lockfileHash": "772ebcc2",
  "browserHash": "cb0f882e",
  "optimized": {
    "@angular/common": {
      "src": "../../../../../../node_modules/@angular/common/fesm2022/common.mjs",
      "file": "@angular_common.js",
      "fileHash": "cb86ad87",
      "needsInterop": false
    },
    "@angular/common/http": {
      "src": "../../../../../../node_modules/@angular/common/fesm2022/http.mjs",
      "file": "@angular_common_http.js",
      "fileHash": "27e469a4",
      "needsInterop": false
    },
    "@angular/core": {
      "src": "../../../../../../node_modules/@angular/core/fesm2022/core.mjs",
      "file": "@angular_core.js",
      "fileHash": "17b46f77",
      "needsInterop": false
    },
    "@angular/platform-browser": {
      "src": "../../../../../../node_modules/@angular/platform-browser/fesm2022/platform-browser.mjs",
      "file": "@angular_platform-browser.js",
      "fileHash": "1fdec3cd",
      "needsInterop": false
    },
    "@angular/router": {
      "src": "../../../../../../node_modules/@angular/router/fesm2022/router.mjs",
      "file": "@angular_router.js",
      "fileHash": "c5a9db4d",
      "needsInterop": false
    }
  },
  "chunks": {
    "chunk-FTLIGD4X": {
      "file": "chunk-FTLIGD4X.js"
    },
    "chunk-6D7PUHMZ": {
      "file": "chunk-6D7PUHMZ.js"
    },
    "chunk-TO43FX7S": {
      "file": "chunk-TO43FX7S.js"
    },
    "chunk-CYIUJTKM": {
      "file": "chunk-CYIUJTKM.js"
    },
    "chunk-SLCSDGIC": {
      "file": "chunk-SLCSDGIC.js"
    }
  }
}